Engine,Timestamp,ProgramID,Weight,NumEdges,NumSecCov,NumSecCovTotal,NumSecPerProgram,NumSecPerProgramTotal,TotalPrograms,TotalProgramsLower,TotalProgramsGreater,CodeFilePath
GenerativeEngine,2024-10-10 10:00:55,0B061A95-670D-415F-9F84-BDA53676313A,1.0,514191.0,0.0,0.0,0.0,0.0,1,1,0,
GenerativeEngine,2024-10-10 10:00:58,E0BE9C2A-FBD6-4F23-9DB7-02B958EF942A,1.0,514191.0,0.0,0.0,0.0,0.0,2,2,0,
GenerativeEngine,2024-10-10 10:00:58,B0A16AF2-E48A-47BF-BEEB-CAFCDB5831F8,1.0,514191.0,0.0,0.0,0.0,0.0,3,3,0,
GenerativeEngine,2024-10-10 10:00:58,3748F85A-7666-45DB-AC2C-588E0731B1F8,1.0,514191.0,0.0,0.0,0.0,0.0,4,4,0,
GenerativeEngine,2024-10-10 10:00:59,A34347EB-B225-4217-A5A4-D3371342B3FB,1.0,514191.0,226.0,1790.0,0.0,4.79571048758e-312,5,5,0,
GenerativeEngine,2024-10-10 10:01:05,6835B135-6E35-4EEF-9F38-3A442ECC98A7,1.0,514191.0,226.0,1790.0,0.0,4.79571048758e-312,6,6,0,
GenerativeEngine,2024-10-10 10:01:05,FC1A5AA9-D23B-41A0-A0B4-F365F2956286,1.0,514191.0,226.0,1790.0,0.0,4.79571048758e-312,7,7,0,
GenerativeEngine,2024-10-10 10:01:05,CDC049AD-A12B-4CE4-A066-69F0D862344B,1.0,514191.0,226.0,1790.0,0.0,4.79571048758e-312,8,8,0,
GenerativeEngine,2024-10-10 10:01:05,D453D75A-F603-4278-A253-2C97FFE41048,1.0,514191.0,226.0,1790.0,0.0,4.79571048758e-312,9,9,0,
GenerativeEngine,2024-10-10 10:01:05,9675A5A9-049D-4AFF-835D-9D11ADD762E5,1.0,514191.0,226.0,1790.0,0.0,4.79571048758e-312,10,10,0,
GenerativeEngine,2024-10-10 10:01:05,B4E500C0-B433-4C16-8506-5B9CF0BE35D9,1.0,514191.0,226.0,1790.0,0.0,4.79571048758e-312,11,11,0,
GenerativeEngine,2024-10-10 10:01:05,58185766-A3B8-4512-B387-FF29B7AEEF37,1.0,514191.0,226.0,1790.0,0.0,4.79571048758e-312,12,12,0,
GenerativeEngine,2024-10-10 10:01:05,6B0FF347-CF3A-403A-BFD6-1E91A51472C5,1.0,514191.0,226.0,1790.0,0.0,4.79571048758e-312,13,13,0,
GenerativeEngine,2024-10-10 10:01:06,90A445C1-C82C-46F3-BDEA-0375F0FE1AB6,1.0,514191.0,266.0,2748.0,0.0,5.644508803973e-312,14,14,0,
GenerativeEngine,2024-10-10 10:01:09,17154326-4D3C-49F7-AB74-024FDA090B2C,1.0,514191.0,266.0,2748.0,0.0,5.644508803973e-312,15,15,0,
GenerativeEngine,2024-10-10 10:01:35,466B7B15-C90E-4E5F-9F74-CB6CCBD88C63,1.0,514191.0,266.0,2748.0,0.0,5.644508803973e-312,16,16,0,
GenerativeEngine,2024-10-10 10:01:35,4AA62801-0C2B-433B-BAEE-8712353DA587,1.0,514191.0,384.0,6716.0,0.0,8.14846383789e-312,17,17,0,
GenerativeEngine,2024-10-10 10:01:35,13C0E565-F9F4-48C6-804A-EC0DE6F68F21,1.0,514191.0,384.0,6716.0,0.0,8.14846383789e-312,18,18,0,
GenerativeEngine,2024-10-10 10:01:36,37EF01DB-E0D2-46D4-810F-F0852399866B,1.0,514191.0,384.0,6716.0,0.0,8.14846383789e-312,19,19,0,
GenerativeEngine,2024-10-10 10:01:36,859F11C7-C837-4F23-B6FF-A747DD0CBD67,1.0,514191.0,384.0,6716.0,0.0,8.14846383789e-312,20,20,0,
GenerativeEngine,2024-10-10 10:01:36,FA7DD57E-A569-48F2-B23B-50A6C10B13CD,1.0,514191.0,384.0,6716.0,0.0,8.14846383789e-312,21,21,0,
GenerativeEngine,2024-10-10 10:01:36,BA8EB727-7348-40E0-8083-B6EA15661511,1.0,514191.0,384.0,6716.0,0.0,8.14846383789e-312,22,22,0,
GenerativeEngine,2024-10-10 10:01:36,35D55FCF-CD54-442E-813A-1D759BFB8D3C,1.0,514191.0,384.0,6716.0,0.0,8.14846383789e-312,23,23,0,
GenerativeEngine,2024-10-10 10:01:36,B245F168-DFF0-4383-B178-72CF7B9C0580,1.0,514191.0,384.0,6716.0,0.0,8.14846383789e-312,24,24,0,
GenerativeEngine,2024-10-10 10:01:36,4F8AEABA-5552-4355-B8BA-FC8D1676392B,1.0,514191.0,384.0,6716.0,0.0,8.14846383789e-312,25,25,0,
GenerativeEngine,2024-10-10 10:01:37,0B9DA771-4448-4CB0-9B26-0603132B1EDA,1.0,514191.0,434.0,7500.0,0.0,9.209461732794e-312,26,26,0,
GenerativeEngine,2024-10-10 10:01:43,C83EEC15-99C7-485D-98D4-AD1B3D04C810,1.0,514191.0,434.0,7500.0,0.0,9.209461732794e-312,27,27,0,
GenerativeEngine,2024-10-10 10:01:43,119AF9DC-8445-4588-B987-2B990B431AD9,1.0,514191.0,434.0,7500.0,0.0,9.209461732794e-312,28,28,0,
GenerativeEngine,2024-10-10 10:01:43,474E5B5E-55D2-4814-8054-FE8AF9868A58,1.0,514191.0,434.0,7500.0,0.0,9.209461732794e-312,29,29,0,
GenerativeEngine,2024-10-10 10:01:43,3CABC758-E480-4FEC-8AE3-3CFEB399A0A6,1.0,514191.0,434.0,7500.0,0.0,9.209461732794e-312,30,30,0,
GenerativeEngine,2024-10-10 10:01:43,9B9B15D9-0339-4EAB-862F-55D5C9F1415C,1.0,514191.0,434.0,7500.0,0.0,9.209461732794e-312,31,31,0,
GenerativeEngine,2024-10-10 10:01:43,5FBDF305-294F-44E6-8841-0FF1B10BA85B,1.0,514191.0,434.0,7500.0,0.0,9.209461732794e-312,32,32,0,
GenerativeEngine,2024-10-10 10:01:43,11F77E7E-E0E8-4689-814B-0EDD679879A0,1.0,514191.0,434.0,7500.0,0.0,9.209461732794e-312,33,33,0,
GenerativeEngine,2024-10-10 10:01:43,0EC7403D-474D-4EA2-BE72-520B720528C5,1.0,514191.0,434.0,7500.0,0.0,9.209461732794e-312,34,34,0,
GenerativeEngine,2024-10-10 10:01:43,BF0E3B09-2A11-483E-BA7F-6E5B1D3F9C4A,1.0,514191.0,434.0,7500.0,0.0,9.209461732794e-312,35,35,0,
GenerativeEngine,2024-10-10 10:01:43,1000351F-E879-4738-B8CA-50DE23096B54,1.0,514191.0,434.0,7500.0,0.0,9.209461732794e-312,36,36,0,
GenerativeEngine,2024-10-10 10:01:43,BE2B24F7-2596-43BE-ACA2-76326B398483,1.0,514191.0,434.0,7500.0,0.0,9.209461732794e-312,37,37,0,
GenerativeEngine,2024-10-10 10:01:43,F3151FAB-AA02-4844-B136-2543D383EAB4,1.0,514191.0,434.0,7500.0,0.0,9.209461732794e-312,38,38,0,
GenerativeEngine,2024-10-10 10:01:43,EC246911-4DE1-4A3F-8F55-2D0E1E98D1E2,1.0,514191.0,434.0,7500.0,0.0,9.209461732794e-312,39,39,0,
GenerativeEngine,2024-10-10 10:01:43,C07445B9-204F-43D7-A72D-DA1B23EC8A1D,1.0,514191.0,434.0,7500.0,0.0,9.209461732794e-312,40,40,0,
GenerativeEngine,2024-10-10 10:02:34,B0BA4D39-4D73-4486-93A1-1EB0ABB86E41,1.0,514191.0,434.0,7500.0,0.0,9.209461732794e-312,41,41,0,
GenerativeEngine,2024-10-10 10:02:34,C710A745-7286-4813-937D-3A94645C3E80,1.0,514191.0,434.0,7500.0,0.0,9.209461732794e-312,42,42,0,
GenerativeEngine,2024-10-10 10:02:34,3BE63025-3482-4AE1-BA18-8A7C08B13D0F,1.0,514191.0,434.0,7500.0,0.0,9.209461732794e-312,43,43,0,
GenerativeEngine,2024-10-10 10:02:34,0D4ABBC1-C03C-450D-AA55-E6D5D6DD9688,1.0,514191.0,434.0,7500.0,0.0,9.209461732794e-312,44,44,0,
GenerativeEngine,2024-10-10 10:02:34,E003983E-B195-4E99-A08E-B6519835D00C,1.0,514191.0,434.0,7500.0,0.0,9.209461732794e-312,45,45,0,
GenerativeEngine,2024-10-10 10:02:34,26B244DA-142B-4A57-AFFD-214199277074,1.0,514191.0,434.0,7500.0,0.0,9.209461732794e-312,46,46,0,
GenerativeEngine,2024-10-10 10:02:35,D4C4B407-5AB1-49D2-AEAE-3C885CF74682,1.0,514191.0,434.0,7500.0,0.0,9.209461732794e-312,47,47,0,
GenerativeEngine,2024-10-10 10:02:35,41A46467-DBEC-4467-AC27-573E98A3F37E,1.0,514191.0,434.0,7500.0,0.0,9.209461732794e-312,48,48,0,
GenerativeEngine,2024-10-10 10:02:35,03F1B907-9B3C-4D55-A46D-DECC5A09C7BA,1.0,514191.0,434.0,7500.0,0.0,9.209461732794e-312,49,49,0,
GenerativeEngine,2024-10-10 10:02:35,FF4A96DF-7E43-4140-B602-1F6C08DF9C05,1.0,514191.0,561.0,12895.0,0.0,1.190439638736e-311,50,50,0,
GenerativeEngine,2024-10-10 10:02:50,D5A6B4BE-5FEA-48AE-882E-5361640F982F,1.0,514191.0,561.0,12895.0,0.0,1.190439638736e-311,51,51,0,
GenerativeEngine,2024-10-10 10:03:00,2D61EC86-B0AF-4F14-AFA9-794FC51CE43E,1.0,514191.0,561.0,12895.0,0.0,1.190439638736e-311,52,52,0,
GenerativeEngine,2024-10-10 10:03:01,3BEE47F9-EC86-4000-B3FA-531F2EC13648,1.0,514191.0,592.0,38451.0,0.0,1.2562215082514e-311,53,53,0,
GenerativeEngine,2024-10-10 10:03:01,E8AA2EFA-DA77-43A9-8AF2-6E40F37435D3,1.0,514191.0,592.0,38451.0,0.0,1.2562215082514e-311,54,54,0,
GenerativeEngine,2024-10-10 10:03:01,D2E31518-7165-4756-9729-62C1A86E9CD8,1.0,514191.0,592.0,38451.0,0.0,1.2562215082514e-311,55,55,0,
GenerativeEngine,2024-10-10 10:03:01,41ABF60F-F5D9-4454-9045-B22C897D83F4,1.0,514191.0,592.0,38451.0,0.0,1.2562215082514e-311,56,56,0,
GenerativeEngine,2024-10-10 10:03:01,DD8E9282-8B45-46A2-B6AB-C3C831FFB151,1.0,514191.0,592.0,38451.0,0.0,1.2562215082514e-311,57,57,0,
GenerativeEngine,2024-10-10 10:03:01,7BA11F53-A67F-45F4-B7B7-BB260093D5F5,1.0,514191.0,592.0,38451.0,0.0,1.2562215082514e-311,58,58,0,
GenerativeEngine,2024-10-10 10:03:01,77AA7426-7363-4850-9995-2CE45D0C016E,1.0,514191.0,592.0,38451.0,0.0,1.2562215082514e-311,59,59,0,
GenerativeEngine,2024-10-10 10:03:01,14487AAC-AA1C-4849-833B-A3C0004A1CF0,1.0,514191.0,592.0,38451.0,0.0,1.2562215082514e-311,60,60,0,
GenerativeEngine,2024-10-10 10:03:01,BEB6F3EC-A720-4294-A328-7B07EB93C463,1.0,514191.0,592.0,38451.0,0.0,1.2562215082514e-311,61,61,0,
GenerativeEngine,2024-10-10 10:03:03,F03BA2BF-C13D-4056-877C-9C3DB94219C6,1.0,514191.0,649.0,41632.0,0.0,1.377175268345e-311,62,62,0,
GenerativeEngine,2024-10-10 10:03:03,C6964CEF-E1BD-4D5D-AE82-59F0F84A442E,1.0,514191.0,649.0,41632.0,0.0,1.377175268345e-311,63,63,0,
GenerativeEngine,2024-10-10 10:03:03,73D27F34-5526-4757-ACCE-79178BD1C366,1.0,514191.0,649.0,41632.0,0.0,1.377175268345e-311,64,64,0,
GenerativeEngine,2024-10-10 10:03:03,112714CA-3D6D-4996-8F48-6DA79385B798,1.0,514191.0,649.0,41632.0,0.0,1.377175268345e-311,65,65,0,
GenerativeEngine,2024-10-10 10:03:04,BEF0B94F-75B0-4306-A185-0E8F9CB24DF9,1.0,514191.0,649.0,41632.0,0.0,1.377175268345e-311,66,66,0,
GenerativeEngine,2024-10-10 10:03:04,F9745B93-6112-455E-BD34-5D820574E724,1.0,514191.0,649.0,41632.0,0.0,1.377175268345e-311,67,67,0,
GenerativeEngine,2024-10-10 10:03:04,E23E788A-68CF-45FC-97FD-021EE0B7253B,1.0,514191.0,649.0,41632.0,0.0,1.377175268345e-311,68,68,0,
GenerativeEngine,2024-10-10 10:03:04,A058774E-AB41-45B9-942D-3395872FEC08,1.0,514191.0,649.0,41632.0,0.0,1.377175268345e-311,69,69,0,
GenerativeEngine,2024-10-10 10:03:04,C7EBEF58-B674-4399-8F7C-8FAAFC656C8E,1.0,514191.0,649.0,41632.0,0.0,1.377175268345e-311,70,70,0,
GenerativeEngine,2024-10-10 10:03:04,D01B5D9E-6785-4A1D-A9D0-337B8FA5FC68,1.0,514191.0,654.0,43252.0,0.0,1.387785247293e-311,71,71,0,
GenerativeEngine,2024-10-10 10:03:08,5554A4F6-C904-4C60-8235-40FBF9460320,1.0,514191.0,654.0,43252.0,0.0,1.387785247293e-311,72,72,0,
GenerativeEngine,2024-10-10 10:03:08,C1817886-CB48-4D4A-9DC5-DDF5948A312A,1.0,514191.0,654.0,43252.0,0.0,1.387785247293e-311,73,73,0,
GenerativeEngine,2024-10-10 10:03:08,345DCF38-97DD-479B-A344-7886D7B2776C,1.0,514191.0,654.0,43252.0,0.0,1.387785247293e-311,74,74,0,
GenerativeEngine,2024-10-10 10:03:08,FB33AC3E-5E7B-484C-991D-E7BF118F6B16,1.0,514191.0,654.0,53592.0,0.0,1.3877852472913e-311,75,75,0,
GenerativeEngine,2024-10-10 10:03:11,06AE69C1-FDD7-4A7F-B9F1-7CB318273E83,1.0,514191.0,654.0,53592.0,0.0,1.3877852472913e-311,76,76,0,
GenerativeEngine,2024-10-10 10:03:11,1CDAFC7B-EF17-442F-9B5A-8F7D278E40FA,1.0,514191.0,654.0,53592.0,0.0,1.3877852472913e-311,77,77,0,
GenerativeEngine,2024-10-10 10:03:11,810B13D8-5965-48D0-96DD-1E5C88E57C17,1.0,514191.0,654.0,53592.0,0.0,1.3877852472913e-311,78,78,0,
GenerativeEngine,2024-10-10 10:03:12,9C8020D0-43A4-43AF-B65F-B86CA253270E,1.0,514191.0,672.0,54925.0,0.0,1.4259811715287e-311,79,79,0,
GenerativeEngine,2024-10-10 10:03:13,1A798DA6-6DA9-48D0-A8A1-790F09AFA3F9,1.0,514191.0,672.0,54992.0,0.0,1.4259811715287e-311,80,80,0,
GenerativeEngine,2024-10-10 10:03:16,1E596834-09D6-46C0-9FB5-20FF311B259B,1.0,514191.0,675.0,55795.0,0.0,1.432347158903e-311,81,81,0,
GenerativeEngine,2024-10-10 10:03:31,240F99EB-EBA0-4062-80E5-E549AD3D5780,1.0,514191.0,675.0,55795.0,0.0,1.432347158903e-311,82,82,0,
GenerativeEngine,2024-10-10 10:03:31,D5A4E616-3E6C-4BDE-BC65-5E4C2B46AF64,1.0,514191.0,675.0,55795.0,0.0,1.432347158903e-311,83,83,0,
GenerativeEngine,2024-10-10 10:03:32,FD0715C5-54AA-45B9-85F4-0AC00EF15867,1.0,514191.0,676.0,62540.0,0.0,1.434469154693e-311,84,84,0,
GenerativeEngine,2024-10-10 10:03:38,3183B0F2-B130-441E-BCB8-C1BAD2341A54,1.0,514191.0,676.0,62540.0,0.0,1.434469154693e-311,85,85,0,
GenerativeEngine,2024-10-10 10:03:42,71B67FD5-F9AC-46EB-B0B4-25BAE46EAD7D,1.0,514191.0,676.0,62540.0,0.0,1.434469154693e-311,86,86,0,
GenerativeEngine,2024-10-10 10:03:42,75C754DD-AF4B-41F6-9185-615CE35C7ACD,1.0,514191.0,676.0,62540.0,0.0,1.434469154693e-311,87,87,0,
GenerativeEngine,2024-10-10 10:03:42,151CC283-C95C-4CC5-B903-6F963A10BB07,1.0,514191.0,676.0,62540.0,0.0,1.434469154693e-311,88,88,0,
GenerativeEngine,2024-10-10 10:03:42,A4A050B8-E087-454D-B685-D2B48C1DC623,1.0,514191.0,676.0,62540.0,0.0,1.434469154693e-311,89,89,0,
GenerativeEngine,2024-10-10 10:04:39,D34B2D2F-0976-4E5A-B845-8F641320B1FB,1.0,514191.0,676.0,62540.0,0.0,1.434469154693e-311,90,90,0,
GenerativeEngine,2024-10-10 10:04:39,B45345C1-FD9B-4F95-AC58-0079676C0E5C,1.0,514191.0,676.0,62540.0,0.0,1.434469154693e-311,91,91,0,
GenerativeEngine,2024-10-10 10:04:39,5E432A07-BDBB-4DF8-B66B-4ED5470B917A,1.0,514191.0,676.0,62540.0,0.0,1.434469154693e-311,92,92,0,
GenerativeEngine,2024-10-10 10:04:39,41C4F549-0A1A-406D-8111-095D80E52B62,1.0,514191.0,676.0,62540.0,0.0,1.434469154693e-311,93,93,0,
GenerativeEngine,2024-10-10 10:04:39,A933F6A4-0ECC-42AF-8B86-CF38EBB5E3C0,1.0,514191.0,676.0,62540.0,0.0,1.434469154693e-311,94,94,0,
GenerativeEngine,2024-10-10 10:04:39,350C974F-2B9F-423B-B780-9B374E482BF1,1.0,514191.0,676.0,62540.0,0.0,1.434469154693e-311,95,95,0,
GenerativeEngine,2024-10-10 10:04:40,17FF2563-A805-48E6-AB0E-BE55894F69A9,1.0,514191.0,676.0,62540.0,0.0,1.434469154693e-311,96,96,0,
GenerativeEngine,2024-10-10 10:04:40,B76F8C88-E8F6-4E03-8381-BDBABF9DBE14,1.0,514191.0,676.0,62540.0,0.0,1.434469154693e-311,97,97,0,
GenerativeEngine,2024-10-10 10:04:40,4A32F91F-D9CC-45CF-8B17-3E83D4A10289,1.0,514191.0,676.0,62540.0,0.0,1.434469154693e-311,98,98,0,
GenerativeEngine,2024-10-10 10:04:40,1857DAAA-C972-4784-8B88-9A8642977AFD,1.0,514191.0,676.0,62540.0,0.0,1.434469154693e-311,99,99,0,
GenerativeEngine,2024-10-10 10:04:40,28E92CEE-3844-4ED4-A7C4-90CF0AD3C959,1.0,514191.0,676.0,62540.0,0.0,1.434469154693e-311,100,100,0,
GenerativeEngine,2024-10-10 10:04:40,66804FF5-133F-460C-A03F-A9CEFF20A9D1,1.0,514191.0,676.0,62540.0,0.0,1.434469154693e-311,101,101,0,
GenerativeEngine,2024-10-10 10:04:40,686E9C78-918D-47B0-86CC-72445442C9D4,1.0,514191.0,676.0,62540.0,0.0,1.434469154693e-311,102,102,0,
GenerativeEngine,2024-10-10 10:04:40,10C1C3FD-66B8-4E75-B31E-873FF32C2BDC,1.0,514191.0,676.0,62540.0,0.0,1.434469154693e-311,103,103,0,
GenerativeEngine,2024-10-10 10:05:02,6C28E8C0-51F5-495A-AEC8-AC74D814448F,1.0,514191.0,676.0,62540.0,0.0,1.434469154693e-311,104,104,0,
GenerativeEngine,2024-10-10 10:05:03,8D487C89-A42F-4F8A-9E6F-FCB6B93CA91B,1.0,514191.0,676.0,62540.0,0.0,1.434469154693e-311,105,105,0,
GenerativeEngine,2024-10-10 10:05:03,D87DED68-8DAC-4964-8E0F-9B68574FA2B7,1.0,514191.0,676.0,62540.0,0.0,1.434469154693e-311,106,106,0,
GenerativeEngine,2024-10-10 10:05:03,B5BB66E6-40C4-43B7-94FB-F1DF8EAD2211,1.0,514191.0,676.0,62540.0,0.0,1.434469154693e-311,107,107,0,
GenerativeEngine,2024-10-10 10:05:03,891219E7-6E9C-4AB5-851F-EE464B1E738D,1.0,514191.0,676.0,62540.0,0.0,1.434469154693e-311,108,108,0,
GenerativeEngine,2024-10-10 10:05:03,D578CF59-9B3E-4256-9707-943C1C2C2048,1.0,514191.0,676.0,62540.0,0.0,1.434469154693e-311,109,109,0,
GenerativeEngine,2024-10-10 10:05:03,EF2618B2-18A2-4A4E-BF41-8F9C7CE4AE8B,1.0,514191.0,676.0,62540.0,0.0,1.434469154693e-311,110,110,0,
GenerativeEngine,2024-10-10 10:05:04,B920A936-B442-46FD-8038-3CC7C5FFBDD6,1.0,514191.0,698.0,94809.0,0.0,1.481153062094e-311,111,111,0,
GenerativeEngine,2024-10-10 10:05:04,9CD7EEA2-21D0-44D6-B9C6-125307F0B9FF,1.0,514191.0,698.0,94809.0,0.0,1.481153062094e-311,112,112,0,
GenerativeEngine,2024-10-10 10:05:04,7AC0C481-84ED-4003-9FB0-9205B99B7011,1.0,514191.0,698.0,94809.0,0.0,1.481153062094e-311,113,113,0,
GenerativeEngine,2024-10-10 10:05:04,1565A262-81C7-4E79-AF2A-3AC846FE0CF0,1.0,514191.0,698.0,94809.0,0.0,1.481153062094e-311,114,114,0,
GenerativeEngine,2024-10-10 10:05:04,A7142A42-AFB0-4177-9F42-0A8FBF93107A,1.0,514191.0,698.0,94809.0,0.0,1.481153062094e-311,115,115,0,
GenerativeEngine,2024-10-10 10:05:04,B3140D83-9CF8-4B8B-9DE2-A9986BC7B548,1.0,514191.0,698.0,94809.0,0.0,1.481153062094e-311,116,116,0,
GenerativeEngine,2024-10-10 10:05:04,A3FBD9AD-5FE3-4EA2-87B5-9E8A8795895D,1.0,514191.0,698.0,94809.0,0.0,1.481153062094e-311,117,117,0,
GenerativeEngine,2024-10-10 10:05:04,17754AD1-0F5B-4B03-9AA7-7ACE26BD3488,1.0,514191.0,698.0,94809.0,0.0,1.481153062094e-311,118,118,0,
GenerativeEngine,2024-10-10 10:05:14,E65A9988-1B24-41C9-B814-C853008C46A6,1.0,514191.0,698.0,98232.0,0.0,1.481153062094e-311,119,119,0,
GenerativeEngine,2024-10-10 10:05:14,785B775A-E95F-4A81-A36E-EF36F6CBC0ED,1.0,514191.0,698.0,98232.0,0.0,1.481153062094e-311,120,120,0,
GenerativeEngine,2024-10-10 10:05:14,A469AA53-2550-44FC-A244-0C9502369345,1.0,514191.0,698.0,98232.0,0.0,1.481153062094e-311,121,121,0,
GenerativeEngine,2024-10-10 10:05:14,42933CB6-87DC-4753-9AAB-A560A990A658,1.0,514191.0,698.0,98232.0,0.0,1.481153062094e-311,122,122,0,
GenerativeEngine,2024-10-10 10:05:15,7D4AB156-6BF8-4F0F-845F-7AEB88E8CE18,1.0,514191.0,734.0,100626.0,0.0,1.5575449105863e-311,123,123,0,
GenerativeEngine,2024-10-10 10:05:20,82EBE3D5-DA61-48F1-8ECB-C701A9BF3752,1.0,514191.0,734.0,100626.0,0.0,1.5575449105863e-311,124,124,0,
GenerativeEngine,2024-10-10 10:05:20,B49E5E0B-A81D-42A8-9DF1-07A0FF88AF76,1.0,514191.0,734.0,100626.0,0.0,1.5575449105863e-311,125,125,0,
GenerativeEngine,2024-10-10 10:05:20,1063E79F-AE68-4A18-BF64-2173505208AC,1.0,514191.0,734.0,100626.0,0.0,1.5575449105863e-311,126,126,0,
GenerativeEngine,2024-10-10 10:05:20,03F8856B-7A55-4F5A-9A69-FDEE9253EEB2,1.0,514191.0,734.0,100626.0,0.0,1.5575449105863e-311,127,127,0,
GenerativeEngine,2024-10-10 10:05:20,82A5953E-C213-4B76-8C57-A8EF33A375D8,1.0,514191.0,734.0,100626.0,0.0,1.5575449105863e-311,128,128,0,
GenerativeEngine,2024-10-10 10:05:20,3F883FFE-CEFC-4408-BC8C-5F7D981FC437,1.0,514191.0,734.0,100626.0,0.0,1.5575449105863e-311,129,129,0,
GenerativeEngine,2024-10-10 10:05:21,E39E6A7D-7537-412C-8DAD-DADF2D5F9B24,1.0,514191.0,734.0,119165.0,0.0,1.5575449105685e-311,130,130,0,
GenerativeEngine,2024-10-10 10:05:22,90FCDDE7-2D64-4937-B4F5-A9A98E538CE7,1.0,514191.0,734.0,119165.0,0.0,1.5575449105685e-311,131,131,0,
GenerativeEngine,2024-10-10 10:05:22,477A210E-BBA8-4159-AFAF-276BECA7D4B0,1.0,514191.0,734.0,119165.0,0.0,1.5575449105685e-311,132,132,0,
GenerativeEngine,2024-10-10 10:05:22,959002D7-C9E5-43C1-AD4A-52EB3A73DEA7,1.0,514191.0,734.0,119165.0,0.0,1.5575449105685e-311,133,133,0,
GenerativeEngine,2024-10-10 10:05:22,2AD9EAF0-222A-444A-ADF8-4B718B1E52E5,1.0,514191.0,734.0,119165.0,0.0,1.5575449105685e-311,134,134,0,
GenerativeEngine,2024-10-10 10:05:22,CF41230B-BCAE-4C27-9ED6-E1DB3F5829E9,1.0,514191.0,734.0,119165.0,0.0,1.5575449105685e-311,135,135,0,
GenerativeEngine,2024-10-10 10:05:23,20847A9D-97E4-4366-96EA-8DB7429B5B0B,1.0,514191.0,747.0,122662.0,0.0,1.5851308558575e-311,136,136,0,
GenerativeEngine,2024-10-10 10:05:23,25F0A94D-C516-4BF1-B5A1-AA1A737C1A05,1.0,514191.0,747.0,122662.0,0.0,1.5851308558575e-311,137,137,0,
GenerativeEngine,2024-10-10 10:05:23,A70827A8-47E4-49AE-BD76-4B2DCD1759BC,1.0,514191.0,747.0,123797.0,0.0,1.585130855851e-311,138,138,0,
GenerativeEngine,2024-10-10 10:05:25,C913C577-C906-4E13-865F-3242794AF3C8,1.0,514191.0,747.0,123797.0,0.0,1.585130855851e-311,139,139,0,
GenerativeEngine,2024-10-10 10:05:25,ABB8928A-A0ED-45DF-A3E4-83BD6E3E3BD3,1.0,514191.0,747.0,123797.0,0.0,1.585130855851e-311,140,140,0,
GenerativeEngine,2024-10-10 10:05:25,ABC5A6DA-BBD6-42FE-B968-39F39C9B1F5D,1.0,514191.0,747.0,123797.0,0.0,1.585130855851e-311,141,141,0,
GenerativeEngine,2024-10-10 10:05:25,0EB1522A-AEDA-4CEE-B8B6-AC588A6AF892,1.0,514191.0,747.0,123797.0,0.0,1.585130855851e-311,142,142,0,
GenerativeEngine,2024-10-10 10:05:25,E1DFC420-7E44-4371-81A9-F60445E13AD8,1.0,514191.0,747.0,123797.0,0.0,1.585130855851e-311,143,143,0,
GenerativeEngine,2024-10-10 10:05:25,96355FDF-6890-40BA-A51D-03AAB998C4EA,1.0,514191.0,747.0,123797.0,0.0,1.585130855851e-311,144,144,0,
GenerativeEngine,2024-10-10 10:05:25,0EEEF347-21DB-469F-BE32-6A007BDAFB04,1.0,514191.0,747.0,123797.0,0.0,1.585130855851e-311,145,145,0,
GenerativeEngine,2024-10-10 10:05:26,90D3A5F3-B587-4290-957C-7281FEED5F88,1.0,514191.0,747.0,130400.0,0.0,1.585130855851e-311,146,146,0,
GenerativeEngine,2024-10-10 10:05:29,076E75E7-F14E-4B1A-B7E6-E78DF5A9F928,1.0,514191.0,747.0,130400.0,0.0,1.585130855851e-311,147,147,0,
GenerativeEngine,2024-10-10 10:05:29,5629E0F9-168E-4D42-B7A5-D30CEDD61BCE,1.0,514191.0,747.0,130400.0,0.0,1.585130855851e-311,148,148,0,
GenerativeEngine,2024-10-10 10:05:30,45111F04-8452-4601-A0CB-9B704E3CC950,1.0,514191.0,751.0,135554.0,0.0,1.593618839017e-311,149,149,0,
GenerativeEngine,2024-10-10 10:05:30,B47330BF-D57D-413E-A34D-DE711940369F,1.0,514191.0,751.0,135554.0,0.0,1.593618839017e-311,150,150,0,
GenerativeEngine,2024-10-10 10:05:30,099FD66E-17A1-4AC1-B291-5770987E349A,1.0,514191.0,751.0,135554.0,0.0,1.593618839017e-311,151,151,0,
GenerativeEngine,2024-10-10 10:05:30,4F0EE2AE-D3D8-4DF8-92CD-93AA17A7DC67,1.0,514191.0,751.0,135554.0,0.0,1.593618839017e-311,152,152,0,
GenerativeEngine,2024-10-10 10:05:30,891C482E-D0E2-4C5F-8D82-D45138401EB6,1.0,514191.0,751.0,135554.0,0.0,1.593618839017e-311,153,153,0,
GenerativeEngine,2024-10-10 10:05:31,423F41DB-59C3-44DE-8330-91594E1CEDF8,1.0,514191.0,751.0,135554.0,0.0,1.593618839017e-311,154,154,0,
GenerativeEngine,2024-10-10 10:05:31,D95208C9-5ED1-4BB2-8245-376AA402B47C,1.0,514191.0,751.0,135554.0,0.0,1.593618839017e-311,155,155,0,
GenerativeEngine,2024-10-10 10:05:31,503A7F0D-C2E6-4001-B253-AAA96DE0E7AE,1.0,514191.0,751.0,135554.0,0.0,1.593618839017e-311,156,156,0,
GenerativeEngine,2024-10-10 10:05:31,B9118086-D91E-4125-A7BD-DC40DDCE8F51,1.0,514191.0,751.0,135554.0,0.0,1.593618839017e-311,157,157,0,
GenerativeEngine,2024-10-10 10:05:31,B22481C5-8861-4636-AA33-3B01728D338B,1.0,514191.0,751.0,135554.0,0.0,1.593618839017e-311,158,158,0,
GenerativeEngine,2024-10-10 10:05:32,0781313D-C9D5-41BA-BEEA-92888816B8FF,1.0,514191.0,751.0,136719.0,0.0,1.593618839015e-311,159,159,0,
GenerativeEngine,2024-10-10 10:05:34,1DDE7430-D551-44F0-BB6A-D13BCD1472AF,1.0,514191.0,751.0,136719.0,0.0,1.593618839015e-311,160,160,0,
GenerativeEngine,2024-10-10 10:05:35,179FAEE2-C42C-4811-9B26-6F5BDF2D7D7C,1.0,514191.0,751.0,144795.0,0.0,1.593618839015e-311,161,161,0,
GenerativeEngine,2024-10-10 10:05:45,34DBBD3C-3623-4958-92A0-99057402DB00,1.0,514191.0,751.0,144795.0,0.0,1.593618839015e-311,162,162,0,
GenerativeEngine,2024-10-10 10:05:45,13019D6E-4587-4E70-9273-BD9B2C79333C,1.0,514191.0,751.0,144795.0,0.0,1.593618839015e-311,163,163,0,
GenerativeEngine,2024-10-10 10:05:45,2BB93B2C-17A7-4738-9738-1E373E31B8C3,1.0,514191.0,751.0,144795.0,0.0,1.593618839015e-311,164,164,0,
GenerativeEngine,2024-10-10 10:05:45,7F9771AF-EACF-4692-AC54-91D88A1DC182,1.0,514191.0,751.0,144795.0,0.0,1.593618839015e-311,165,165,0,
GenerativeEngine,2024-10-10 10:05:45,346A9AA0-43E5-41D5-AFCD-1994068344AA,1.0,514191.0,751.0,144795.0,0.0,1.593618839015e-311,166,166,0,
GenerativeEngine,2024-10-10 10:05:45,743D1CF5-9E29-4022-AD55-A7E9D6CDEAA1,1.0,514191.0,751.0,144795.0,0.0,1.593618839015e-311,167,167,0,
GenerativeEngine,2024-10-10 10:05:45,B633CFC6-A999-49B3-A49E-FBCEBFC9C5FA,1.0,514191.0,751.0,144795.0,0.0,1.593618839015e-311,168,168,0,
GenerativeEngine,2024-10-10 10:05:46,E9ABE96E-64C6-47D7-8CB2-5538D9372B14,1.0,514191.0,751.0,144795.0,0.0,1.593618839015e-311,169,169,0,
GenerativeEngine,2024-10-10 10:05:46,5E545CA2-A306-4E0E-9B7B-250FDEB59CBE,1.0,514191.0,751.0,144795.0,0.0,1.593618839015e-311,170,170,0,
GenerativeEngine,2024-10-10 10:05:46,244317C4-5AA7-4D59-984B-4BF1F7728CB2,1.0,514191.0,785.0,154520.0,0.0,1.6657666959077e-311,171,171,0,
GenerativeEngine,2024-10-10 10:05:46,8C0C27B9-A48D-415C-8E5D-FC2FD8B95994,1.0,514191.0,785.0,154520.0,0.0,1.6657666959077e-311,172,172,0,
GenerativeEngine,2024-10-10 10:05:49,72E53C3D-18AC-4B09-BC70-933352E9218B,1.0,514191.0,785.0,154520.0,0.0,1.6657666959077e-311,173,173,0,
GenerativeEngine,2024-10-10 10:05:49,669EA686-6871-40CB-AB9B-01789BAEC94F,1.0,514191.0,785.0,154520.0,0.0,1.6657666959077e-311,174,174,0,
GenerativeEngine,2024-10-10 10:05:50,EF3D10EB-A4B7-490A-A8AE-CDF62D2506B1,1.0,514191.0,785.0,154520.0,0.0,1.6657666959077e-311,175,175,0,
GenerativeEngine,2024-10-10 10:06:01,2ACB450C-6AC0-4ABF-9BE8-680134005E81,1.0,514191.0,785.0,154520.0,0.0,1.6657666959077e-311,176,176,0,
GenerativeEngine,2024-10-10 10:06:02,0BBFB217-15A7-4165-A50B-8D4FD16D8573,1.0,514191.0,785.0,154520.0,0.0,1.6657666959077e-311,177,177,0,
GenerativeEngine,2024-10-10 10:06:02,0C506383-5A88-4CD9-B64C-EC8873637E67,1.0,514191.0,785.0,154520.0,0.0,1.6657666959077e-311,178,178,0,
GenerativeEngine,2024-10-10 10:06:02,28C1796B-47B4-49C8-986E-9726875B4D45,1.0,514191.0,785.0,154520.0,0.0,1.6657666959077e-311,179,179,0,
GenerativeEngine,2024-10-10 10:06:03,534BCD36-03AA-4609-892C-7C55175984FF,1.0,514191.0,880.0,162343.0,0.0,1.8673562960494e-311,180,180,0,
GenerativeEngine,2024-10-10 10:06:03,9EA4B05F-96FF-4BCA-B5F3-416DC603A37D,1.0,514191.0,880.0,162343.0,0.0,1.8673562960494e-311,181,181,0,
GenerativeEngine,2024-10-10 10:06:03,C7F6D06B-9CE8-49B6-8739-B19A4162AD26,1.0,514191.0,880.0,162343.0,0.0,1.8673562960494e-311,182,182,0,
GenerativeEngine,2024-10-10 10:06:03,49F30DBF-20D9-4884-94A9-13A64614C010,1.0,514191.0,880.0,162343.0,0.0,1.8673562960494e-311,183,183,0,
GenerativeEngine,2024-10-10 10:06:03,66D9B135-FF5B-4E14-913B-149F08C0D9F3,1.0,514191.0,880.0,162343.0,0.0,1.8673562960494e-311,184,184,0,
GenerativeEngine,2024-10-10 10:06:03,82AABCB7-A820-4447-B1BF-30B8F0C05405,1.0,514191.0,880.0,162343.0,0.0,1.8673562960494e-311,185,185,0,
GenerativeEngine,2024-10-10 10:06:04,DEA81633-C739-4C00-BD19-5F1208E73604,1.0,514191.0,880.0,163738.0,0.0,1.8673562960494e-311,186,186,0,
GenerativeEngine,2024-10-10 10:06:16,D7E8CC18-6CFD-4743-A62A-BD7C26845793,1.0,514191.0,880.0,163738.0,0.0,1.8673562960494e-311,187,187,0,
GenerativeEngine,2024-10-10 10:06:16,6DDDC030-C4F9-4E66-ABE7-C7F929A16C79,1.0,514191.0,880.0,163738.0,0.0,1.8673562960494e-311,188,188,0,
GenerativeEngine,2024-10-10 10:06:17,816A942D-B31E-4901-AC6C-7801B155FED9,1.0,514191.0,881.0,179388.0,0.0,1.869478291841e-311,189,189,0,
GenerativeEngine,2024-10-10 10:06:17,F6F412E8-F623-482B-9A41-2F9FF9E42761,1.0,514191.0,881.0,179388.0,0.0,1.869478291841e-311,190,190,0,
GenerativeEngine,2024-10-10 10:06:17,21A4C493-0F71-4A92-B220-D27CAD0A5BDC,1.0,514191.0,881.0,179388.0,0.0,1.869478291841e-311,191,191,0,
GenerativeEngine,2024-10-10 10:06:17,ABC26D3E-40FD-4469-A00F-4D329DCE9708,1.0,514191.0,881.0,179388.0,0.0,1.869478291841e-311,192,192,0,
GenerativeEngine,2024-10-10 10:06:17,F92BFF3A-C4F8-46B6-966A-B751E59FDA37,1.0,514191.0,881.0,179388.0,0.0,1.869478291841e-311,193,193,0,
GenerativeEngine,2024-10-10 10:06:17,570AE975-A3B8-46CE-9E73-C755B6E6A46C,1.0,514191.0,881.0,179388.0,0.0,1.869478291841e-311,194,194,0,
GenerativeEngine,2024-10-10 10:06:17,5C0F6AD0-1648-4858-86B6-15B1923470F8,1.0,514191.0,881.0,179388.0,0.0,1.869478291841e-311,195,195,0,
GenerativeEngine,2024-10-10 10:06:17,C73EF64B-A308-485E-86BD-2BB8D545ADCF,1.0,514191.0,881.0,179388.0,0.0,1.869478291841e-311,196,196,0,
GenerativeEngine,2024-10-10 10:06:17,3B354944-6C40-4576-AE79-65057643FF3C,1.0,514191.0,881.0,179388.0,0.0,1.869478291841e-311,197,197,0,
GenerativeEngine,2024-10-10 10:06:17,FAD39414-BEDD-4771-9EBC-9E4600843A37,1.0,514191.0,881.0,179388.0,0.0,1.869478291841e-311,198,198,0,
GenerativeEngine,2024-10-10 10:06:17,751286E4-DB81-4A73-8A42-BA8082BA0D88,1.0,514191.0,881.0,179388.0,0.0,1.869478291841e-311,199,199,0,
GenerativeEngine,2024-10-10 10:06:17,B903D401-C07B-4AF2-A32A-15F0917FDE77,1.0,514191.0,881.0,179388.0,0.0,1.869478291841e-311,200,200,0,
GenerativeEngine,2024-10-10 10:06:17,3459A30B-4315-49EE-8FC9-ACDE8F40DCF2,1.0,514191.0,881.0,179388.0,0.0,1.869478291841e-311,201,201,0,
GenerativeEngine,2024-10-10 10:06:18,6EF05E52-3E5F-4721-AC80-1E69A4526E68,1.0,514191.0,881.0,179388.0,0.0,1.869478291841e-311,202,202,0,
GenerativeEngine,2024-10-10 10:06:19,B813991C-D502-4D49-90F8-3F3938BEF93D,1.0,514191.0,884.0,180737.0,0.0,1.875844279214e-311,203,203,0,
GenerativeEngine,2024-10-10 10:06:21,917F2E24-7A9A-4A10-A8D8-232A6B2B167A,1.0,514191.0,884.0,180737.0,0.0,1.875844279214e-311,204,204,0,
GenerativeEngine,2024-10-10 10:06:21,95D8A8DE-549F-43CF-B95F-867A86E20766,1.0,514191.0,884.0,180737.0,0.0,1.875844279214e-311,205,205,0,
GenerativeEngine,2024-10-10 10:06:21,96643CA1-E406-48F2-B1AA-802A52D800DE,1.0,514191.0,884.0,180737.0,0.0,1.875844279214e-311,206,206,0,
GenerativeEngine,2024-10-10 10:06:21,98DF4413-7490-4DA9-81E1-6D63DBA46F61,1.0,514191.0,884.0,180737.0,0.0,1.875844279214e-311,207,207,0,
GenerativeEngine,2024-10-10 10:06:21,9011D5D8-CBE8-4211-9A14-6370CE76F8CE,1.0,514191.0,884.0,180737.0,0.0,1.875844279214e-311,208,208,0,
GenerativeEngine,2024-10-10 10:06:21,1B3D86FE-7D9A-4A4C-88F4-0D34476CAC71,1.0,514191.0,884.0,180737.0,0.0,1.875844279214e-311,209,209,0,
GenerativeEngine,2024-10-10 10:06:21,FEE953BA-5A12-4CB9-9950-D5C1CA0F03FA,1.0,514191.0,884.0,180737.0,0.0,1.875844279214e-311,210,210,0,
GenerativeEngine,2024-10-10 10:06:22,6CADA9E1-F7A8-4D23-B897-DBEA37DA62A6,1.0,514191.0,884.0,183362.0,0.0,1.8758442792133e-311,211,211,0,
GenerativeEngine,2024-10-10 10:06:22,24453396-51EA-45C1-97D7-FA7059E3EB5D,1.0,514191.0,884.0,183362.0,0.0,1.8758442792133e-311,212,212,0,
GenerativeEngine,2024-10-10 10:06:22,6159BB51-A680-43A0-9DA4-8F050B902010,1.0,514191.0,884.0,183362.0,0.0,1.8758442792133e-311,213,213,0,
GenerativeEngine,2024-10-10 10:06:22,368572B6-578B-46E2-80A7-78E6D071D99E,1.0,514191.0,884.0,183362.0,0.0,1.8758442792133e-311,214,214,0,
GenerativeEngine,2024-10-10 10:06:22,85DCEAA6-A17F-4DA6-B6BD-1B73CEC4D6E6,1.0,514191.0,884.0,183362.0,0.0,1.8758442792133e-311,215,215,0,
GenerativeEngine,2024-10-10 10:06:22,7EA1F107-434D-4F0D-89E8-D3996C8A0562,1.0,514191.0,884.0,183362.0,0.0,1.8758442792133e-311,216,216,0,
GenerativeEngine,2024-10-10 10:06:22,742A12A9-9D25-43E3-8D61-A10B56A43C70,1.0,514191.0,884.0,183362.0,0.0,1.8758442792133e-311,217,217,0,
GenerativeEngine,2024-10-10 10:06:22,6631814A-B9AB-405E-9068-524130ECA3FD,1.0,514191.0,884.0,183362.0,0.0,1.8758442792133e-311,218,218,0,
GenerativeEngine,2024-10-10 10:06:22,5ADEE50D-CD04-44F3-8FFE-4184A970D357,1.0,514191.0,884.0,183362.0,0.0,1.8758442792133e-311,219,219,0,
GenerativeEngine,2024-10-10 10:06:22,D935B145-AE6F-4588-A2BA-A1FA168D3054,1.0,514191.0,884.0,183362.0,0.0,1.8758442792133e-311,220,220,0,
GenerativeEngine,2024-10-10 10:06:22,0DDBC94D-D476-41D3-B01D-3D46DCD70709,1.0,514191.0,884.0,183362.0,0.0,1.8758442792133e-311,221,221,0,
GenerativeEngine,2024-10-10 10:06:22,33823319-EB4D-474F-9CF1-19AA3E2AF907,1.0,514191.0,884.0,183362.0,0.0,1.8758442792133e-311,222,222,0,
GenerativeEngine,2024-10-10 10:06:22,707CC2FB-F03B-4240-80C6-8FACBC614BD7,1.0,514191.0,884.0,183362.0,0.0,1.8758442792133e-311,223,223,0,
GenerativeEngine,2024-10-10 10:06:22,036FEB1C-4952-45C0-96C8-3D2244CBF870,1.0,514191.0,884.0,183362.0,0.0,1.8758442792133e-311,224,224,0,
GenerativeEngine,2024-10-10 10:06:22,07E96AA4-1D2A-444D-B670-897C8D11132F,1.0,514191.0,884.0,183362.0,0.0,1.8758442792133e-311,225,225,0,
GenerativeEngine,2024-10-10 10:06:22,726B5EF0-0B1B-40A4-A0E9-EFC89B3B4E91,1.0,514191.0,884.0,183362.0,0.0,1.8758442792133e-311,226,226,0,
GenerativeEngine,2024-10-10 10:06:22,E68F368A-97C1-4E4C-AF62-0C59E8425AC7,1.0,514191.0,884.0,183362.0,0.0,1.8758442792133e-311,227,227,0,
GenerativeEngine,2024-10-10 10:06:22,2CFED92E-6FB6-4DBA-9DA0-7EE0DFC862BD,1.0,514191.0,884.0,183362.0,0.0,1.8758442792133e-311,228,228,0,
GenerativeEngine,2024-10-10 10:06:22,DB55E9A3-99D0-44ED-8096-9F2274AAB5CE,1.0,514191.0,884.0,183362.0,0.0,1.8758442792133e-311,229,229,0,
GenerativeEngine,2024-10-10 10:06:23,7EC05397-731B-4579-B3FD-45BE8B0A63C2,1.0,514191.0,884.0,183362.0,0.0,1.8758442792133e-311,230,230,0,
GenerativeEngine,2024-10-10 10:06:23,4FEF250D-D78B-481B-BEB0-0B6AC2EFA25C,1.0,514191.0,884.0,183362.0,0.0,1.8758442792133e-311,231,231,0,
GenerativeEngine,2024-10-10 10:06:23,A21ADE18-BF3A-43FF-9903-DB94744A51EB,1.0,514191.0,884.0,183362.0,0.0,1.8758442792133e-311,232,232,0,
GenerativeEngine,2024-10-10 10:06:23,4EC8BB42-CBEA-4FDF-BF07-94EFD7F62C3E,1.0,514191.0,884.0,183362.0,0.0,1.8758442792133e-311,233,233,0,
GenerativeEngine,2024-10-10 10:06:23,00B5340F-341B-4039-8F46-DB7ECC87C10C,1.0,514191.0,884.0,183362.0,0.0,1.8758442792133e-311,234,234,0,
GenerativeEngine,2024-10-10 10:06:23,67BC7A5A-3F47-4A15-AB94-3EAF222F9284,1.0,514191.0,884.0,183362.0,0.0,1.8758442792133e-311,235,235,0,
GenerativeEngine,2024-10-10 10:06:23,427C6E0A-77DE-4B23-80EB-33A614CB70E8,1.0,514191.0,884.0,183362.0,0.0,1.8758442792133e-311,236,236,0,
GenerativeEngine,2024-10-10 10:06:23,8C1347D6-53C6-4CA8-8063-0725BE6EB9B8,1.0,514191.0,884.0,183362.0,0.0,1.8758442792133e-311,237,237,0,
GenerativeEngine,2024-10-10 10:06:23,3EF5F748-36CF-44AE-AA9C-37094B7DA281,1.0,514191.0,884.0,183362.0,0.0,1.8758442792133e-311,238,238,0,
GenerativeEngine,2024-10-10 10:06:23,CAB660C5-0C36-4434-9110-1EADEA412885,1.0,514191.0,933.0,184508.0,0.0,1.9798220729706e-311,239,239,0,
GenerativeEngine,2024-10-10 10:06:23,117ACE2C-1CFF-4D16-B5C0-53B849EEE54D,1.0,514191.0,933.0,184508.0,0.0,1.9798220729706e-311,240,240,0,
GenerativeEngine,2024-10-10 10:06:23,A6D1439D-B76C-4BB9-B52C-B95C69D5DA76,1.0,514191.0,933.0,184508.0,0.0,1.9798220729706e-311,241,241,0,
GenerativeEngine,2024-10-10 10:06:23,F4586145-D2E6-46CE-A45E-F273914437FF,1.0,514191.0,933.0,184508.0,0.0,1.9798220729706e-311,242,242,0,
GenerativeEngine,2024-10-10 10:06:23,470E0C8D-B3BD-4462-A194-8CE98106BF06,1.0,514191.0,933.0,184508.0,0.0,1.9798220729706e-311,243,243,0,
GenerativeEngine,2024-10-10 10:06:23,2A639D3A-422E-4CB9-A9BA-783062B945C7,1.0,514191.0,933.0,184508.0,0.0,1.9798220729706e-311,244,244,0,
GenerativeEngine,2024-10-10 10:06:24,A4A7A582-BF85-4F69-BFDC-5A7168BCAE50,1.0,514191.0,933.0,184508.0,0.0,1.9798220729706e-311,245,245,0,
GenerativeEngine,2024-10-10 10:06:24,9A997DF0-BE91-4039-AF9B-D120179A94C6,1.0,514191.0,933.0,184508.0,0.0,1.9798220729706e-311,246,246,0,
GenerativeEngine,2024-10-10 10:06:24,76E581C8-52D5-4196-B492-9C480BF9EA07,1.0,514191.0,933.0,184508.0,0.0,1.9798220729706e-311,247,247,0,
GenerativeEngine,2024-10-10 10:06:24,47576772-ABDF-46CE-913F-A6A15B38FE7F,1.0,514191.0,933.0,184508.0,0.0,1.9798220729706e-311,248,248,0,
GenerativeEngine,2024-10-10 10:06:24,A16ED224-8245-4E83-B00E-9D977F857A0F,1.0,514191.0,933.0,184508.0,0.0,1.9798220729706e-311,249,249,0,
GenerativeEngine,2024-10-10 10:06:24,F2484426-8FFB-467B-B3BB-226740D6BB48,1.0,514191.0,933.0,184508.0,0.0,1.9798220729706e-311,250,250,0,
GenerativeEngine,2024-10-10 10:06:24,0655FF0E-3C50-4720-8611-EA1F55A75F6D,1.0,514191.0,933.0,184508.0,0.0,1.9798220729706e-311,251,251,0,
GenerativeEngine,2024-10-10 10:06:24,3FE187AE-3A00-4621-8468-28D191687D17,1.0,514191.0,933.0,184508.0,0.0,1.9798220729706e-311,252,252,0,
GenerativeEngine,2024-10-10 10:06:24,898EFDF8-86D1-43F2-A554-1607693B9BB4,1.0,514191.0,933.0,184508.0,0.0,1.9798220729706e-311,253,253,0,
GenerativeEngine,2024-10-10 10:06:24,788A7A34-CAA7-4BD7-A453-10884D304D2A,1.0,514191.0,933.0,184508.0,0.0,1.9798220729706e-311,254,254,0,
MutationEngine,2024-10-10 10:07:15,53974A04-13B8-411B-B6B8-C7BDCB733864,1.0,514191.0,947.0,221950.0,0.0,2.009530014044e-311,255,255,0,
MutationEngine,2024-10-10 10:07:15,48AD7404-6C34-46C2-928B-13E8F15196DC,1.0,514191.0,947.0,223440.0,0.0,2.009530014044e-311,256,256,0,
MutationEngine,2024-10-10 10:07:16,61894B4C-8447-4AE4-9C44-EF34A9777EBD,1.0,514191.0,947.0,224207.0,0.0,2.009530014044e-311,257,257,0,
MutationEngine,2024-10-10 10:07:49,0BD6A3E9-60C6-49CD-8E11-3FADA034B00B,1.0,514191.0,947.0,265342.0,0.0,2.009530014044e-311,258,258,0,
MutationEngine,2024-10-10 10:07:50,D8B4851D-DE62-4DF0-A976-482186B1B66F,1.0,514191.0,947.0,266550.0,0.0,2.009530014044e-311,259,259,0,
MutationEngine,2024-10-10 10:08:01,263B3EFF-364A-4389-8ED0-8B921CD589F7,1.0,514191.0,948.0,280250.0,0.0,2.011652009835e-311,260,260,0,
MutationEngine,2024-10-10 10:08:03,1A2044F5-448D-414E-9C8D-25C0CAE39991,1.0,514191.0,948.0,281753.0,0.0,2.011652009835e-311,261,261,0,
MutationEngine,2024-10-10 10:08:03,FFFF39FC-087B-45E6-964B-1C0D81420A90,1.0,514191.0,948.0,282505.0,0.0,2.011652009835e-311,262,262,0,
MutationEngine,2024-10-10 10:08:39,BDF7BE73-BEE3-450F-8EB7-F6323177BB3B,1.0,514191.0,984.0,313672.0,0.0,2.0880438583276e-311,263,263,0,
MutationEngine,2024-10-10 10:08:55,BFBFE027-83FD-4DA6-BAD5-AAB4995BEE2A,1.0,514191.0,986.0,333378.0,0.0,2.092287849892e-311,264,264,0,
MutationEngine,2024-10-10 10:08:55,60EDF8F9-731B-4257-B4FA-EF584853810B,1.0,514191.0,986.0,333960.0,0.0,2.092287849892e-311,265,265,0,
MutationEngine,2024-10-10 10:13:30,AACDF544-D9B4-4EDD-91DF-41AAD5A32E24,1.0,514191.0,1090.0,559279.0,0.0,2.312975412164e-311,266,266,0,
MutationEngine,2024-10-10 10:13:43,A45589EE-252C-4625-B72D-D5B05CFBB4BC,1.0,514191.0,1101.0,581055.0,0.0,2.336317365853e-311,267,267,0,
MutationEngine,2024-10-10 10:13:43,D822755D-DC73-42B6-B4BD-348823986934,1.0,514191.0,1101.0,581373.0,0.0,2.336317365853e-311,268,268,0,
MutationEngine,2024-10-10 10:13:43,1F858EAC-005C-475D-A794-66D0CE43D250,1.0,514191.0,1101.0,581626.0,0.0,2.336317365853e-311,269,269,0,
MutationEngine,2024-10-10 10:13:44,6A996880-7233-4F22-B70B-476F49EA22D0,1.0,514191.0,1101.0,581971.0,0.0,2.336317365853e-311,270,270,0,
MutationEngine,2024-10-10 10:13:45,CEBBF1F9-FB94-4E47-BE2A-EEB85F4A5F77,1.0,514191.0,1101.0,582140.0,0.0,2.336317365853e-311,271,271,0,
MutationEngine,2024-10-10 10:14:04,6575520A-08C6-442E-87F0-DE0F1D20C786,1.0,514191.0,1101.0,586201.0,0.0,2.336317365853e-311,272,272,0,
MutationEngine,2024-10-10 10:18:41,A1163A9E-F15E-43D0-B3DD-96AEE6652C36,1.0,514191.0,1211.0,851269.0,0.0,2.569736902859e-311,273,273,0,
MutationEngine,2024-10-10 10:18:41,5F82CC97-9F89-498E-8AE8-A41CABB4D609,1.0,514191.0,1211.0,852319.0,0.0,2.569736902859e-311,274,274,0,
MutationEngine,2024-10-10 10:18:43,A3FE29BB-6F2E-424E-A8FA-E9EE7FE418A9,1.0,514191.0,1211.0,853823.0,0.0,2.569736902859e-311,275,275,0,
MutationEngine,2024-10-10 10:19:29,DC959378-43D2-43DF-8640-FDB836FE3E61,1.0,514191.0,1211.0,883306.0,0.0,2.569736902859e-311,276,276,0,
MutationEngine,2024-10-10 10:19:30,208FFA24-866E-4EA3-B538-CDCE1850CC01,1.0,514191.0,1211.0,884476.0,0.0,2.569736902859e-311,277,277,0,
MutationEngine,2024-10-10 10:19:31,DF85CEE1-EB5E-494D-86BD-D2C9F8460D59,1.0,514191.0,1211.0,885721.0,0.0,2.569736902859e-311,278,278,0,
MutationEngine,2024-10-10 10:19:32,78A7031A-62E5-40A5-8181-71EDB1C2BD76,1.0,514191.0,1211.0,886897.0,0.0,2.569736902859e-311,279,279,0,
MutationEngine,2024-10-10 10:21:34,495A7678-CB81-47EB-B43D-684994CB69FD,1.0,514191.0,1234.0,1010742.0,0.0,2.618542806051e-311,280,280,0,
MutationEngine,2024-10-10 10:21:36,26D0FB16-B0F4-4EEE-81CC-5669A8AE039F,1.0,514191.0,1312.0,1011844.0,0.0,2.7840584777464e-311,281,281,0,
MutationEngine,2024-10-10 10:23:40,494086FE-5052-4954-8FAA-333E844DB2D8,1.0,514191.0,1319.0,1120818.0,0.0,2.7989124482867e-311,282,282,0,
MutationEngine,2024-10-10 10:23:41,22A4E22B-FE8E-4DB1-BA0C-9F286592C418,1.0,514191.0,1319.0,1122588.0,0.0,2.7989124482867e-311,283,283,0,
MutationEngine,2024-10-10 10:23:43,216E7D64-FDDE-40C7-95D1-D5FEF83CE79E,1.0,514191.0,1319.0,1124674.0,0.0,2.7989124482867e-311,284,284,0,
MutationEngine,2024-10-10 10:32:42,FA9DBEBF-905F-40E4-B30B-A91CBCF7FDEC,1.0,514191.0,1319.0,1702725.0,0.0,2.798912448283e-311,285,285,0,
MutationEngine,2024-10-10 10:32:43,FC9BEFAB-4110-4246-9805-1796ED9DB46D,1.0,514191.0,1319.0,1704957.0,0.0,2.798912448283e-311,286,286,0,
MutationEngine,2024-10-10 10:32:43,6CAE8B27-2C5F-4FCC-BA6C-A766E0402319,1.0,514191.0,1319.0,1706445.0,0.0,2.798912448283e-311,287,287,0,
MutationEngine,2024-10-10 10:32:44,7F680FCC-35E7-4872-AF80-9FE73C0D206B,1.0,514191.0,1319.0,1708097.0,0.0,2.798912448283e-311,288,288,0,
MutationEngine,2024-10-10 10:33:31,2A146481-3380-4145-90DB-DA97F53E2C3C,1.0,514191.0,1319.0,1766003.0,0.0,2.798912448283e-311,289,289,0,
MutationEngine,2024-10-10 10:33:32,09A5E33E-0CC5-4A1F-9117-2F9D57152470,1.0,514191.0,1319.0,1767151.0,0.0,2.798912448283e-311,290,290,0,
MutationEngine,2024-10-10 10:39:36,C061D3F8-5195-48EC-8CEA-C26D57883B76,1.0,514191.0,1321.0,2104609.0,0.0,2.803156439865e-311,291,291,0,
MutationEngine,2024-10-10 10:39:37,B3FBA67A-F59C-4C1E-A132-7450C7FDA9F4,1.0,514191.0,1321.0,2105542.0,0.0,2.803156439865e-311,292,292,0,
MutationEngine,2024-10-10 10:39:38,E2134D85-E73C-484F-8460-E174773105A6,1.0,514191.0,1321.0,2106457.0,0.0,2.803156439865e-311,293,293,0,
MutationEngine,2024-10-10 10:39:39,0D7E847B-D8F1-41B7-B1C8-6E253DAD6586,1.0,514191.0,1321.0,2107519.0,0.0,2.803156439865e-311,294,294,0,
MutationEngine,2024-10-10 10:40:38,9C763EC8-8E15-48D6-BA65-3550BA09FE6A,1.0,514191.0,1321.0,2144155.0,0.0,2.803156439865e-311,295,295,0,
MutationEngine,2024-10-10 10:40:46,95D60E76-94E8-4B78-9A51-A9F6FF462EE0,1.0,514191.0,1324.0,2153286.0,0.0,2.809522427238e-311,296,296,0,
MutationEngine,2024-10-10 10:40:57,DCBB5714-7FBB-4931-92C7-4308978FA325,1.0,514191.0,1324.0,2168020.0,0.0,2.809522427238e-311,297,297,0,
MutationEngine,2024-10-10 10:40:59,89483464-C572-4E98-91FB-80226CA67F38,1.0,514191.0,1324.0,2169630.0,0.0,2.809522427238e-311,298,298,0,
MutationEngine,2024-10-10 10:40:59,F5BB52EE-80C5-4102-A8A4-B7C41D5168AB,1.0,514191.0,1324.0,2170818.0,0.0,2.809522427238e-311,299,299,0,
MutationEngine,2024-10-10 10:41:00,5CBF8910-460E-4309-88FF-D390535CE23D,1.0,514191.0,1324.0,2172234.0,0.0,2.809522427238e-311,300,300,0,
MutationEngine,2024-10-10 10:41:17,6961B45F-8DB5-4A8F-BFE3-A36361F8940D,1.0,514191.0,1324.0,2197717.0,0.0,2.809522427238e-311,301,301,0,
MutationEngine,2024-10-10 10:41:31,E39FEB8F-BC5D-4511-AD6E-D3166288284A,1.0,514191.0,1324.0,2213129.0,0.0,2.809522427238e-311,302,302,0,
MutationEngine,2024-10-10 10:41:32,E5766984-50B5-4EBD-BB6F-961C1A901106,1.0,514191.0,1324.0,2214714.0,0.0,2.809522427238e-311,303,303,0,
MutationEngine,2024-10-10 10:41:32,B40B5225-8168-4C9A-9859-2DA60D552CD5,1.0,514191.0,1324.0,2216034.0,0.0,2.809522427238e-311,304,304,0,
MutationEngine,2024-10-10 10:41:47,1C9FD8A8-43A4-4200-9FEA-98A7837D9799,1.0,514191.0,1324.0,2242087.0,0.0,2.809522427238e-311,305,305,0,
MutationEngine,2024-10-10 10:41:49,28990257-18C6-40CD-AB7F-C5FEE1241BFD,1.0,514191.0,1324.0,2242517.0,0.0,2.809522427238e-311,306,306,0,
MutationEngine,2024-10-10 10:42:10,83A364FD-F15F-49D0-9BFE-77145437D408,1.0,514191.0,1324.0,2250176.0,0.0,2.809522427238e-311,307,307,0,
MutationEngine,2024-10-10 10:42:10,482DE136-936F-47B9-B1F3-12C8AC6E86F1,1.0,514191.0,1324.0,2250613.0,0.0,2.809522427238e-311,308,308,0,
MutationEngine,2024-10-10 10:42:11,817EBB3A-0B0B-4C4A-A217-7E770EA26AD0,1.0,514191.0,1324.0,2251250.0,0.0,2.809522427238e-311,309,309,0,
MutationEngine,2024-10-10 10:42:11,BBBA6520-4A40-49C5-8497-A7B8F03CA812,1.0,514191.0,1324.0,2251712.0,0.0,2.809522427238e-311,310,310,0,
MutationEngine,2024-10-10 10:42:21,C5430EBF-92CD-4775-89F6-52F3C2DE5B46,1.0,514191.0,1324.0,2264948.0,0.0,2.809522427238e-311,311,311,0,
MutationEngine,2024-10-10 10:42:21,1AF00495-B95A-452C-926B-98EEF79D3721,1.0,514191.0,1324.0,2265656.0,0.0,2.809522427238e-311,312,312,0,
MutationEngine,2024-10-10 10:42:26,78F608CF-B98C-46DB-8B35-5922F4BF146E,1.0,514191.0,1324.0,2272886.0,0.0,2.809522427238e-311,313,313,0,
MutationEngine,2024-10-10 10:42:27,27EA1CAB-24F0-4D4D-BCDE-F537A8CAFF65,1.0,514191.0,1324.0,2274018.0,0.0,2.809522427238e-311,314,314,0,
MutationEngine,2024-10-10 10:42:28,BDE3866E-A4FF-4DD4-B80E-507DBFF9B959,1.0,514191.0,1324.0,2274980.0,0.0,2.809522427238e-311,315,315,0,
MutationEngine,2024-10-10 10:43:35,7757FD93-D6A3-42A3-B778-AE159E1E86ED,1.0,514191.0,1324.0,2321083.0,0.0,2.809522427238e-311,316,316,0,
MutationEngine,2024-10-10 10:43:36,BAF5461D-E364-4ED3-B84E-3B5842191B0A,1.0,514191.0,1324.0,2322694.0,0.0,2.809522427238e-311,317,317,0,
MutationEngine,2024-10-10 10:47:02,D618C61C-42DE-46F4-A39A-9A3175AE89BA,1.0,514191.0,1324.0,2502761.0,0.0,2.809522427238e-311,318,318,0,
MutationEngine,2024-10-10 10:47:03,DB230180-7DD1-4B05-B3B7-3EA51FDC67AF,1.0,514191.0,1324.0,2504280.0,0.0,2.809522427238e-311,319,319,0,
MutationEngine,2024-10-10 10:47:04,10DF1A29-AB26-4B52-BA95-F838DCCF3753,1.0,514191.0,1324.0,2505368.0,0.0,2.809522427238e-311,320,320,0,
MutationEngine,2024-10-10 10:47:25,CEBC5634-C1A2-4834-A203-1A904998B2C3,1.0,514191.0,1334.0,2537309.0,0.0,2.830742385152e-311,321,321,0,
MutationEngine,2024-10-10 10:47:26,E9F9A5BF-2674-49E3-AC7C-965CBB441219,1.0,514191.0,1334.0,2537463.0,0.0,2.830742385152e-311,322,322,0,
MutationEngine,2024-10-10 10:47:58,279A034D-C9A7-4B7C-A17D-C56C8A5BB563,1.0,514191.0,1334.0,2553546.0,0.0,2.8307423851477e-311,323,323,0,
MutationEngine,2024-10-10 10:50:26,4A842290-B7A9-45E0-8C51-9E15C8F475F7,1.0,514191.0,1334.0,2719172.0,0.0,2.8307423851477e-311,324,324,0,
MutationEngine,2024-10-10 10:50:27,CB2824D1-80B5-4471-9EC6-9DC87A0799B4,1.0,514191.0,1334.0,2720144.0,0.0,2.8307423851477e-311,325,325,0,
MutationEngine,2024-10-10 10:50:54,0EC1C730-CA24-4540-9DF4-B70E5B0DAED3,1.0,514191.0,1337.0,2763345.0,0.0,2.8371083725206e-311,326,326,0,
MutationEngine,2024-10-10 10:50:55,8B981344-A7D3-4C78-97D2-018DE0F978B4,1.0,514191.0,1337.0,2764984.0,0.0,2.8371083725206e-311,327,327,0,
MutationEngine,2024-10-10 10:50:56,D56C3AA0-D432-45F4-B594-BF530DDEA6B6,1.0,514191.0,1337.0,2766156.0,0.0,2.8371083725206e-311,328,328,0,
MutationEngine,2024-10-10 10:51:00,33981498-3FFD-483A-88B9-1E7FEDC8D047,1.0,514191.0,1337.0,2773327.0,0.0,2.8371083725206e-311,329,329,0,
MutationEngine,2024-10-10 10:51:01,63F7D8E7-AA1B-492E-AB84-F335A3B2AB3F,1.0,514191.0,1337.0,2773836.0,0.0,2.8371083725206e-311,330,330,0,
MutationEngine,2024-10-10 10:51:02,10886526-1980-477D-9CDF-3697352C701C,1.0,514191.0,1337.0,2774331.0,0.0,2.8371083725206e-311,331,331,0,
MutationEngine,2024-10-10 10:51:03,BEEC2AA0-6F6B-4BD1-81E6-F17CE07E5939,1.0,514191.0,1337.0,2774776.0,0.0,2.8371083725206e-311,332,332,0,
MutationEngine,2024-10-10 10:51:29,7B4BF959-4928-4A2B-95B6-AF733C86544D,1.0,514191.0,1337.0,2793039.0,0.0,2.8371083725206e-311,333,333,0,
MutationEngine,2024-10-10 10:51:31,BB3DF07A-E879-422B-A766-059B17EDF6E6,1.0,514191.0,1337.0,2794934.0,0.0,2.8371083725206e-311,334,334,0,
MutationEngine,2024-10-10 10:54:19,992DCB0F-DDE9-4039-814A-A0B7B659C380,1.0,514191.0,1337.0,2945067.0,0.0,2.8371083725206e-311,335,335,0,
MutationEngine,2024-10-10 10:54:21,41B30F57-72A4-4151-B2BC-DFEA594D957F,1.0,514191.0,1337.0,2946472.0,0.0,2.8371083725206e-311,336,336,0,
MutationEngine,2024-10-10 10:54:21,FCA5E26C-4FD3-4F1D-9D4F-DA617D677B59,1.0,514191.0,1337.0,2946761.0,0.0,2.8371083725206e-311,337,337,0,
MutationEngine,2024-10-10 10:54:23,795F0F4A-2C2B-4781-8567-3D345150139E,1.0,514191.0,1337.0,2948418.0,0.0,2.8371083725206e-311,338,338,0,
MutationEngine,2024-10-10 10:54:43,028CC437-4E1D-45BB-B4AC-FB27FB4D96BE,1.0,514191.0,1340.0,2960386.0,0.0,2.8434743598935e-311,339,339,0,
MutationEngine,2024-10-10 10:54:44,E8AE8E58-E7F6-4CF7-833E-5287F6D433FA,1.0,514191.0,1340.0,2961181.0,0.0,2.8434743598935e-311,340,340,0,
MutationEngine,2024-10-10 10:55:19,2B031D77-6771-4B6A-9E59-882D76DB9E48,1.0,514191.0,1340.0,3010973.0,0.0,2.8434743598935e-311,341,341,0,
MutationEngine,2024-10-10 10:55:45,E1D521D5-A255-49FF-8922-654CCE761CAD,1.0,514191.0,1340.0,3033160.0,0.0,2.8434743598935e-311,342,342,0,
MutationEngine,2024-10-10 10:55:45,BEE73FD1-C0D1-4F03-9EC7-31D46C8C6B6E,1.0,514191.0,1340.0,3034049.0,0.0,2.8434743598935e-311,343,343,0,
MutationEngine,2024-10-10 10:55:50,C54ED24C-E460-405A-8927-1A8BE87FC713,1.0,514191.0,1340.0,3042376.0,0.0,2.8434743598935e-311,344,344,0,
MutationEngine,2024-10-10 10:55:51,A0231014-B20F-428E-AEFA-CEF240826376,1.0,514191.0,1340.0,3043103.0,0.0,2.8434743598935e-311,345,345,0,
MutationEngine,2024-10-10 10:56:48,03E55018-2020-4A5F-BADB-5A991FAF5FDD,1.0,514191.0,1346.0,3096725.0,0.0,2.8562063346393e-311,346,346,0,
MutationEngine,2024-10-10 10:58:24,B02C124F-8E87-4F79-BA92-D288145EE5C8,1.0,514191.0,1347.0,3108736.0,0.0,2.85832833043e-311,347,347,0,
MutationEngine,2024-10-10 11:00:08,8E4A8F40-1465-41B2-938D-7630B995A74E,1.0,514191.0,1370.0,3211256.0,0.0,2.9071342336224e-311,348,348,0,
MutationEngine,2024-10-10 11:00:09,80509214-79D2-41DF-BBCF-9326B6B80994,1.0,514191.0,1370.0,3212077.0,0.0,2.9071342336224e-311,349,349,0,
MutationEngine,2024-10-10 11:02:22,7BD85336-5539-42FA-8641-3C722724D954,1.0,514191.0,1380.0,3420860.0,0.0,2.928354191533e-311,350,350,0,
MutationEngine,2024-10-10 11:02:23,8B8E3E5E-468A-433E-9DC7-C6B5CEF9BE89,1.0,514191.0,1380.0,3423183.0,0.0,2.928354191532e-311,351,351,0,
MutationEngine,2024-10-10 11:02:47,10F5D87C-6F6C-4C4A-91FA-072B318CBD56,1.0,514191.0,1404.0,3465997.0,0.0,2.979282090515e-311,352,352,0,
MutationEngine,2024-10-10 11:02:48,2F6EF08A-A92F-4543-AB58-900E534EEA8A,1.0,514191.0,1404.0,3467626.0,0.0,2.979282090515e-311,353,353,0,
MutationEngine,2024-10-10 11:03:05,A1A8246A-20A6-410F-B8A5-4AA0C3671A40,1.0,514191.0,1404.0,3495038.0,0.0,2.979282090515e-311,354,354,0,
MutationEngine,2024-10-10 11:03:06,E5D305BB-B2B1-45FB-A882-1F76AEB9E1CC,1.0,514191.0,1404.0,3496781.0,0.0,2.979282090515e-311,355,355,0,
MutationEngine,2024-10-10 11:03:07,9384EDF5-6ECE-4047-8050-BDBA4C528E3D,1.0,514191.0,1404.0,3497349.0,0.0,2.979282090515e-311,356,356,0,
MutationEngine,2024-10-10 11:03:37,245F67FA-21C9-416B-9B1D-4205C2D8D5C4,1.0,514191.0,1404.0,3506125.0,0.0,2.979282090515e-311,357,357,0,
MutationEngine,2024-10-10 11:03:38,1784F087-7065-4BB8-AF40-2463E522554A,1.0,514191.0,1404.0,3507571.0,0.0,2.979282090515e-311,358,358,0,
MutationEngine,2024-10-10 11:03:38,F0796A8D-2227-402D-8CC8-4AE3052E16E5,1.0,514191.0,1404.0,3508008.0,0.0,2.979282090515e-311,359,359,0,
MutationEngine,2024-10-10 11:05:24,5A2ECACF-0B84-4A89-B71C-74AE54C8EB3B,1.0,514191.0,1405.0,3629366.0,0.0,2.9814040863067e-311,360,360,0,
MutationEngine,2024-10-10 11:05:25,01DB68CF-D88A-4E27-8C75-98899FC79037,1.0,514191.0,1405.0,3630503.0,0.0,2.981404086306e-311,361,361,0,
MutationEngine,2024-10-10 11:06:19,6C7F906D-4ECC-448A-BE2D-1B0A2D5114BC,1.0,514191.0,1405.0,3740418.0,0.0,2.981404086306e-311,362,362,0,
MutationEngine,2024-10-10 11:06:20,60BDAABF-9BB8-46FB-B44A-6BDB5CCB5548,1.0,514191.0,1405.0,3740868.0,0.0,2.981404086306e-311,363,363,0,
MutationEngine,2024-10-10 11:06:21,2F1507B5-D7BF-4AEC-9BDD-9D41C9984296,1.0,514191.0,1405.0,3741552.0,0.0,2.981404086306e-311,364,364,0,
MutationEngine,2024-10-10 11:10:57,C9EEA831-3871-4A94-99D0-535287017BEE,1.0,514191.0,1410.0,4010296.0,0.0,2.992014065261e-311,365,365,0,
MutationEngine,2024-10-10 11:10:58,6BA152E6-E023-480A-B564-FD7CB4385F8B,1.0,514191.0,1410.0,4010535.0,0.0,2.992014065261e-311,366,366,0,
MutationEngine,2024-10-10 11:12:02,94A8DE00-4288-4B7D-BD6D-856EE3E8A6CD,1.0,514191.0,1410.0,4102584.0,0.0,2.992014065261e-311,367,367,0,
MutationEngine,2024-10-10 11:12:35,C829A238-5884-4F41-BF3D-2A5A2C9413F6,1.0,514191.0,1410.0,4175890.0,0.0,2.992014065261e-311,368,368,0,
MutationEngine,2024-10-10 11:12:36,A3072678-4EC2-42BD-8F03-C3647A8F4149,1.0,514191.0,1410.0,4176214.0,0.0,2.992014065261e-311,369,369,0,
MutationEngine,2024-10-10 11:12:39,D49A2706-EAF2-4F21-9B16-FF9B93D0CAC3,1.0,514191.0,1415.0,4180701.0,0.0,3.002624044216e-311,370,370,0,
MutationEngine,2024-10-10 11:12:39,32D36FF0-F871-4F61-A504-9825CF2012E0,1.0,514191.0,1415.0,4181127.0,0.0,3.002624044216e-311,371,371,0,
MutationEngine,2024-10-10 11:12:43,C9909D04-F5F8-4967-9CDA-9AD5AF256E74,1.0,514191.0,1415.0,4183577.0,0.0,3.002624044216e-311,372,372,0,
MutationEngine,2024-10-10 11:12:45,46BB1598-F314-49A7-B4F2-99FDA0A7F903,1.0,514191.0,1416.0,4184792.0,0.0,3.004746040007e-311,373,373,0,
MutationEngine,2024-10-10 11:13:36,D1516842-93DD-493B-91EB-8D818C642D2F,1.0,514191.0,1416.0,4231708.0,0.0,3.004746040007e-311,374,374,0,
MutationEngine,2024-10-10 11:13:37,FDB2C078-5AD3-4591-8A3D-E049A1B96FC1,1.0,514191.0,1416.0,4232527.0,0.0,3.004746040007e-311,375,375,0,
MutationEngine,2024-10-10 11:13:37,999F2BCC-A7AB-494E-96AB-5D5D169D7CFD,1.0,514191.0,1416.0,4233481.0,0.0,3.004746040007e-311,376,376,0,
MutationEngine,2024-10-10 11:13:37,E84C3E03-5262-4EC6-941C-88BEF885205A,1.0,514191.0,1416.0,4233798.0,0.0,3.004746040007e-311,377,377,0,
MutationEngine,2024-10-10 11:13:38,3943638B-67FC-442C-86A0-B96D071B775A,1.0,514191.0,1416.0,4234266.0,0.0,3.004746040007e-311,378,378,0,
MutationEngine,2024-10-10 11:13:42,9657430D-C27B-47A1-92B4-6055666988B9,1.0,514191.0,1416.0,4238953.0,0.0,3.004746040007e-311,379,379,0,
MutationEngine,2024-10-10 11:13:42,171D2994-51BB-48AE-9DBB-A5325DAFE967,1.0,514191.0,1416.0,4239639.0,0.0,3.004746040007e-311,380,380,0,
MutationEngine,2024-10-10 11:13:43,F26C17F4-63ED-40E0-9A6D-49EBAF9BBDBC,1.0,514191.0,1416.0,4241571.0,0.0,3.004746040007e-311,381,381,0,
MutationEngine,2024-10-10 11:13:44,8F4D00CD-2910-4B55-AAE3-B18943CA5C61,1.0,514191.0,1416.0,4242436.0,0.0,3.004746040007e-311,382,382,0,
MutationEngine,2024-10-10 11:13:44,E5C90EB5-FE93-4DF2-B38C-11185DAFE3CD,1.0,514191.0,1416.0,4243384.0,0.0,3.004746040007e-311,383,383,0,
MutationEngine,2024-10-10 11:13:45,3E8CF73D-8193-493D-B0A8-59A456AFB38B,1.0,514191.0,1416.0,4244482.0,0.0,3.004746040007e-311,384,384,0,
MutationEngine,2024-10-10 11:14:27,1FAE695F-C30B-4D89-8AFE-5A8EEFE4669A,1.0,514191.0,1416.0,4299680.0,0.0,3.004746040007e-311,385,385,0,
MutationEngine,2024-10-10 11:14:28,0C9C99BF-B05B-4BF0-96DF-4EDB408F767C,1.0,514191.0,1416.0,4301392.0,0.0,3.004746040007e-311,386,386,0,
MutationEngine,2024-10-10 11:14:56,51D15879-D004-46FA-A290-EF468908C9C7,1.0,514191.0,1438.0,4341883.0,0.0,3.051429947419e-311,387,387,0,
MutationEngine,2024-10-10 11:14:57,824FEC7D-4569-4606-8D84-BAC958893F65,1.0,514191.0,1438.0,4342473.0,0.0,3.051429947408e-311,388,388,0,
MutationEngine,2024-10-10 11:15:39,5A4434D0-4441-42F5-8EED-46F5FE8B0B42,1.0,514191.0,1443.0,4402675.0,0.0,3.062039926363e-311,389,389,0,
MutationEngine,2024-10-10 11:15:40,052ACF1D-CE86-4B2C-A2C7-9D6C37361270,1.0,514191.0,1443.0,4404343.0,0.0,3.062039926363e-311,390,390,0,
MutationEngine,2024-10-10 11:17:07,7663270F-BE9B-45CF-BD87-89FC34553C53,1.0,514191.0,1443.0,4544589.0,0.0,3.062039926363e-311,391,391,0,
MutationEngine,2024-10-10 11:17:09,CC1E3C9F-B4A7-4F7D-A493-45D3D98011AB,1.0,514191.0,1443.0,4546413.0,0.0,3.062039926363e-311,392,392,0,
MutationEngine,2024-10-10 11:17:10,1446DA31-46C7-4DEF-86A6-6E291E3A2DF8,1.0,514191.0,1443.0,4548314.0,0.0,3.062039926363e-311,393,393,0,
MutationEngine,2024-10-10 11:18:20,1F249BDF-BDF2-4AD2-A83A-CFA17F65B804,1.0,514191.0,1443.0,4638651.0,0.0,3.062039926363e-311,394,394,0,
MutationEngine,2024-10-10 11:18:21,1DE3A426-0538-4018-AA02-C5EB98B166CA,1.0,514191.0,1443.0,4638983.0,0.0,3.062039926363e-311,395,395,0,
MutationEngine,2024-10-10 11:18:36,A28DFA21-32F2-4162-BB6B-7CA6B2D72182,1.0,514191.0,1443.0,4645241.0,0.0,3.062039926363e-311,396,396,0,
MutationEngine,2024-10-10 11:18:37,7D7A4A24-E316-42FC-AE03-369F3ACE19BC,1.0,514191.0,1443.0,4645643.0,0.0,3.062039926363e-311,397,397,0,
MutationEngine,2024-10-10 11:18:38,453A7124-5E82-493C-9EF2-2901AA27697B,1.0,514191.0,1443.0,4646050.0,0.0,3.062039926363e-311,398,398,0,
MutationEngine,2024-10-10 11:18:40,87D1C417-E34B-4378-B9B0-486ECA8A691F,1.0,514191.0,1443.0,4646481.0,0.0,3.062039926363e-311,399,399,0,
MutationEngine,2024-10-10 11:19:12,E6E73A45-CDF6-4E9C-8463-9D135C13CCAA,1.0,514191.0,1443.0,4659452.0,0.0,3.062039926363e-311,400,400,0,
MutationEngine,2024-10-10 11:19:13,713DC64B-5EA5-474C-8870-D19EA5DB1AE5,1.0,514191.0,1443.0,4660079.0,0.0,3.062039926363e-311,401,401,0,
MutationEngine,2024-10-10 11:19:52,F6DBBCAD-903F-4F0F-AE38-38AF578F5DAA,1.0,514191.0,1443.0,4710272.0,0.0,3.062039926363e-311,402,402,0,
MutationEngine,2024-10-10 11:19:53,AB6FF907-621F-4632-83B7-5B28980AB539,1.0,514191.0,1443.0,4711446.0,0.0,3.062039926363e-311,403,403,0,
MutationEngine,2024-10-10 11:19:55,06E21F1A-6BA8-48E3-BE50-DE2095D83AF6,1.0,514191.0,1443.0,4712611.0,0.0,3.062039926363e-311,404,404,0,
MutationEngine,2024-10-10 11:20:39,D6DCB846-C180-4B51-B066-BB0CF06ECEA4,1.0,514191.0,1443.0,4763350.0,0.0,3.062039926363e-311,405,405,0,
MutationEngine,2024-10-10 11:20:40,6FA053E6-9965-4575-B46B-E6DBD9D1ED3B,1.0,514191.0,1443.0,4764882.0,0.0,3.062039926363e-311,406,406,0,
MutationEngine,2024-10-10 11:21:48,25976917-3008-44E0-8C11-D7D878343044,1.0,514191.0,1443.0,4841663.0,0.0,3.062039926363e-311,407,407,0,
MutationEngine,2024-10-10 11:21:49,E34DB340-6E9A-4C79-96F5-B8CE1CB7ABE0,1.0,514191.0,1445.0,4843250.0,0.0,3.066283917945e-311,408,408,0,
MutationEngine,2024-10-10 11:21:50,6201DBB0-A912-4263-8EEC-BDF1E21DE157,1.0,514191.0,1449.0,4844696.0,0.0,3.0747719011087e-311,409,409,0,
MutationEngine,2024-10-10 11:22:42,46FFA484-937A-44F9-A5ED-3E9EA18754AC,1.0,514191.0,1449.0,4930171.0,0.0,3.0747719011087e-311,410,410,0,
MutationEngine,2024-10-10 11:22:43,A1FF2810-9396-4DAB-8504-2D30DDC8362B,1.0,514191.0,1449.0,4932347.0,0.0,3.0747719011087e-311,411,411,0,
MutationEngine,2024-10-10 11:22:49,4786DB26-8E2F-4231-BCD2-1DB7306D0653,1.0,514191.0,1450.0,4942241.0,0.0,3.0768938968996e-311,412,412,0,
MutationEngine,2024-10-10 11:22:49,7215CB64-224A-4E2B-8400-1AD5782E1874,1.0,514191.0,1450.0,4943627.0,0.0,3.0768938968996e-311,413,413,0,
MutationEngine,2024-10-10 11:23:12,3055EA57-B88E-4E7E-99D4-73E912A4A42E,1.0,514191.0,1450.0,4962628.0,0.0,3.0768938968996e-311,414,414,0,
MutationEngine,2024-10-10 11:23:13,05BB1182-3E58-42DE-8284-550E073298FE,1.0,514191.0,1450.0,4963150.0,0.0,3.0768938968996e-311,415,415,0,
MutationEngine,2024-10-10 11:23:14,B7262D4C-D8B4-469F-A2D5-A3B3DE3502C8,1.0,514191.0,1450.0,4963672.0,0.0,3.0768938968996e-311,416,416,0,
MutationEngine,2024-10-10 11:23:25,322628CA-A222-41B7-A6BD-F574BE46A596,1.0,514191.0,1450.0,4972483.0,0.0,3.0768938968996e-311,417,417,0,
MutationEngine,2024-10-10 11:26:42,21EFBF01-C7F3-48C9-BB1D-15DB28395ADA,1.0,514191.0,1450.0,5131487.0,0.0,3.0768938968996e-311,418,418,0,
MutationEngine,2024-10-10 11:26:42,69FEB589-29BD-4E36-A53A-D799F5624AEE,1.0,514191.0,1450.0,5132446.0,0.0,3.0768938968996e-311,419,419,0,
MutationEngine,2024-10-10 11:26:42,A23D04AE-B1FA-4648-B63B-C027EF08F21B,1.0,514191.0,1450.0,5133172.0,0.0,3.0768938968996e-311,420,420,0,
MutationEngine,2024-10-10 11:26:44,56991CB1-EE4A-4FD9-88C5-C35B5F1107AB,1.0,514191.0,1450.0,5133644.0,0.0,3.0768938968996e-311,421,421,0,
MutationEngine,2024-10-10 11:27:32,5ACDA3F9-03FB-4BEB-B6C2-1C071155FCA6,1.0,514191.0,1452.0,5152810.0,0.0,3.0811378884826e-311,422,422,0,
MutationEngine,2024-10-10 11:27:33,11A92BF1-C719-4E37-9DA8-7069191204D0,1.0,514191.0,1452.0,5154040.0,0.0,3.0811378884816e-311,423,423,0,
MutationEngine,2024-10-10 11:27:58,320CBDC7-D097-4590-8733-3D6AE9571B43,1.0,514191.0,1452.0,5185838.0,0.0,3.0811378884816e-311,424,424,0,
MutationEngine,2024-10-10 11:27:59,89011C6E-EBB2-4FFF-96C4-7A68849CA1AD,1.0,514191.0,1452.0,5187533.0,0.0,3.0811378884816e-311,425,425,0,
MutationEngine,2024-10-10 11:28:01,A41234FF-87CB-405D-BF9D-9212095100FA,1.0,514191.0,1452.0,5189135.0,0.0,3.0811378884816e-311,426,426,0,
MutationEngine,2024-10-10 11:28:02,CC63972A-04D0-428E-8BBC-AA7FFAC120C1,1.0,514191.0,1452.0,5190737.0,0.0,3.0811378884816e-311,427,427,0,
MutationEngine,2024-10-10 11:30:35,5B8DEB9C-D657-435C-A5B2-2443404E50D5,1.0,514191.0,1452.0,5387641.0,0.0,3.0811378884816e-311,428,428,0,
MutationEngine,2024-10-10 11:30:54,25412DE5-E932-49AB-801C-7C45953A11E7,1.0,514191.0,1452.0,5477566.0,0.0,3.0811378884816e-311,429,429,0,
MutationEngine,2024-10-10 11:30:55,1C7125AA-1DA0-47EF-8D83-8A3C63B92354,1.0,514191.0,1452.0,5479474.0,0.0,3.0811378884816e-311,430,430,0,
MutationEngine,2024-10-10 11:30:57,7295658C-37CC-4700-A1A0-239EF9996145,1.0,514191.0,1452.0,5481382.0,0.0,3.0811378884816e-311,431,431,0,
MutationEngine,2024-10-10 11:30:58,D0559BC2-AB63-4C5C-B8E3-45202A6232CF,1.0,514191.0,1452.0,5483290.0,0.0,3.0811378884816e-311,432,432,0,
MutationEngine,2024-10-10 11:30:59,41C645B6-9F12-4089-A9CD-FBF822A48540,1.0,514191.0,1452.0,5484880.0,0.0,3.0811378884816e-311,433,433,0,
MutationEngine,2024-10-10 11:34:25,DA677AE5-05EC-4F25-BB8F-DE45AEBCB866,1.0,514191.0,1456.0,5779974.0,0.0,3.0896258716454e-311,434,434,0,
MutationEngine,2024-10-10 11:34:25,D3D8B05A-E960-41CC-8339-777ED46F37ED,1.0,514191.0,1456.0,5780255.0,0.0,3.0896258716454e-311,435,435,0,
MutationEngine,2024-10-10 11:34:33,D9F0E105-23C7-4AEF-8DDF-5BB0A6ED92BB,1.0,514191.0,1456.0,5790971.0,0.0,3.0896258716454e-311,436,436,0,
MutationEngine,2024-10-10 11:34:34,244403A1-CEC0-4046-BD37-6E4F078A3F2E,1.0,514191.0,1456.0,5793635.0,0.0,3.0896258716454e-311,437,437,0,
MutationEngine,2024-10-10 11:38:24,A088F566-D091-454A-AF28-AA8340227F20,1.0,514191.0,1456.0,6115889.0,0.0,3.0896258716454e-311,438,438,0,
MutationEngine,2024-10-10 11:38:25,ACFDE78E-A0D4-49F4-9ABF-CF40B1D3AE67,1.0,514191.0,1456.0,6116477.0,0.0,3.0896258716454e-311,439,439,0,
MutationEngine,2024-10-10 11:38:26,738E217E-212D-42D9-BF82-1182EE88D833,1.0,514191.0,1456.0,6116756.0,0.0,3.0896258716454e-311,440,440,0,
MutationEngine,2024-10-10 11:38:27,0D7148BD-2F0D-41AF-9A86-77D510DF41AF,1.0,514191.0,1456.0,6117350.0,0.0,3.0896258716454e-311,441,441,0,
MutationEngine,2024-10-10 11:40:36,6C138965-3249-4A43-9D0F-E65A4E863543,1.0,514191.0,1456.0,6181738.0,0.0,3.0896258716454e-311,442,442,0,
MutationEngine,2024-10-10 11:40:37,F696FA60-D7EC-4599-9793-0C3705D925EF,1.0,514191.0,1456.0,6182697.0,0.0,3.0896258716454e-311,443,443,0,
MutationEngine,2024-10-10 11:40:38,4B0A9E1D-4054-417D-A43D-C270281B8C48,1.0,514191.0,1456.0,6184002.0,0.0,3.0896258716454e-311,444,444,0,
MutationEngine,2024-10-10 11:40:38,17C49373-EF16-4A44-9337-2F2A0B9A9E32,1.0,514191.0,1456.0,6185298.0,0.0,3.0896258716454e-311,445,445,0,
MutationEngine,2024-10-10 11:41:41,0CA8D068-08D9-4CCA-910B-9F343BDAE09A,1.0,514191.0,1456.0,6278960.0,0.0,3.0896258716454e-311,446,446,0,
MutationEngine,2024-10-10 11:46:53,1A012CDD-8C20-4007-9BE6-92F35974C92A,1.0,514191.0,1456.0,6578499.0,0.0,3.0896258716454e-311,447,447,0,
MutationEngine,2024-10-10 11:46:54,82BBF145-33CD-4616-9DBB-BB378F6635AB,1.0,514191.0,1456.0,6579555.0,0.0,3.0896258716454e-311,448,448,0,
MutationEngine,2024-10-10 11:46:54,9770190C-DEC5-4C2D-910C-6AACB1959BAA,1.0,514191.0,1456.0,6580617.0,0.0,3.0896258716454e-311,449,449,0,
MutationEngine,2024-10-10 11:46:55,9F2C3EF9-A55C-49BF-ADD7-06FF7147444F,1.0,514191.0,1456.0,6580971.0,0.0,3.0896258716454e-311,450,450,0,
MutationEngine,2024-10-10 11:46:55,91F8AD67-312D-42E1-856C-1CB940B3FDD5,1.0,514191.0,1456.0,6582038.0,0.0,3.0896258716454e-311,451,451,0,
MutationEngine,2024-10-10 11:48:04,6FFF8A90-E11B-40C6-A4B3-FB99B3C97782,1.0,514191.0,1456.0,6657473.0,0.0,3.0896258716454e-311,452,452,0,
MutationEngine,2024-10-10 11:48:06,70B52659-3ED3-4CCB-9813-94BA3B52A09F,1.0,514191.0,1456.0,6659677.0,0.0,3.0896258716454e-311,453,453,0,
MutationEngine,2024-10-10 11:48:49,C79F0791-B8E3-4BD6-9F58-42121408B63F,1.0,514191.0,1456.0,6704023.0,0.0,3.0896258716454e-311,454,454,0,
MutationEngine,2024-10-10 11:48:49,BCE2402F-7C78-468F-95E1-770F4D381294,1.0,514191.0,1456.0,6704285.0,0.0,3.0896258716454e-311,455,455,0,
MutationEngine,2024-10-10 11:48:50,98CAB436-2E5E-4BB1-B9DD-F91216E9E6D7,1.0,514191.0,1456.0,6705665.0,0.0,3.0896258716454e-311,456,456,0,
MutationEngine,2024-10-10 11:48:50,8262F210-D8B3-4CC0-A5C4-797DF82B8726,1.0,514191.0,1456.0,6706219.0,0.0,3.0896258716454e-311,457,457,0,
MutationEngine,2024-10-10 11:48:52,7FCDBE78-717D-4052-B8CA-F1D347D245ED,1.0,514191.0,1456.0,6707930.0,0.0,3.0896258716454e-311,458,458,0,
MutationEngine,2024-10-10 11:52:09,7368A0A6-A93A-4BCD-95E9-75C47BC09CE0,1.0,514191.0,1456.0,6931785.0,0.0,3.0896258716454e-311,459,459,0,
MutationEngine,2024-10-10 11:52:09,12C34C52-0A96-4AF3-8E1C-47E5EEC7B547,1.0,514191.0,1456.0,6932797.0,0.0,3.0896258716454e-311,460,460,0,
MutationEngine,2024-10-10 11:52:11,E27214B8-AE0F-43FC-AE0D-C558AF551C63,1.0,514191.0,1456.0,6934590.0,0.0,3.0896258716454e-311,461,461,0,
MutationEngine,2024-10-10 11:55:23,C85D5FF9-45AD-4A9F-8BC1-5FEAB75E2619,1.0,514191.0,1456.0,7322884.0,0.0,3.0896258716454e-311,462,462,0,
MutationEngine,2024-10-10 11:55:24,34E88F22-BDD0-4520-BD26-00C08C434124,1.0,514191.0,1456.0,7324108.0,0.0,3.0896258716454e-311,463,463,0,
MutationEngine,2024-10-10 11:59:49,53518A88-6C81-41C8-9FF3-B35A3C96340D,1.0,514191.0,1456.0,7503262.0,0.0,3.0896258716454e-311,464,464,0,
MutationEngine,2024-10-10 11:59:50,0720885C-93D5-478E-B607-CFD840F406B2,1.0,514191.0,1456.0,7504010.0,0.0,3.0896258716454e-311,465,465,0,
MutationEngine,2024-10-10 11:59:51,F3457235-0E36-48EE-977A-9D539CEF269A,1.0,514191.0,1456.0,7505618.0,0.0,3.0896258716454e-311,466,466,0,
MutationEngine,2024-10-10 12:00:00,FDC2115E-1E3E-4A25-A1AB-ED8B98C55BF3,1.0,514191.0,1456.0,7513050.0,0.0,3.0896258716454e-311,467,467,0,
MutationEngine,2024-10-10 12:00:01,9DDFA1FC-977E-4C1E-901E-66E21A852988,1.0,514191.0,1456.0,7514651.0,0.0,3.0896258716454e-311,468,468,0,
